,Topics,Alpha,Beta,Chunks,Coherence
0,7,0.15,0.15,20.0,0.35079495235323543
1,7,0.15,0.15,40.0,0.3686640638012695
2,7,0.15,0.15,60.0,0.38368835403467866
3,7,0.15,0.15,80.0,0.40486663917954
4,7,0.15,0.15,100.0,0.3161234652151285
5,7,0.15,0.44999999999999996,20.0,0.40552730841123846
6,7,0.15,0.44999999999999996,40.0,0.3994499610374476
7,7,0.15,0.44999999999999996,60.0,0.4407763064335261
8,7,0.15,0.44999999999999996,80.0,0.4083966772579003
9,7,0.15,0.44999999999999996,100.0,0.3754543050649944
10,7,0.15,0.7499999999999999,20.0,0.3848381266370823
11,7,0.15,0.7499999999999999,40.0,0.4016737512170779
12,7,0.15,0.7499999999999999,60.0,0.39479146404538296
13,7,0.15,0.7499999999999999,80.0,0.4286898364890447
14,7,0.15,0.7499999999999999,100.0,0.46834815993092116
15,7,0.15,symmetric,20.0,0.3374864364254949
16,7,0.15,symmetric,40.0,0.36997830616410515
17,7,0.15,symmetric,60.0,0.3788004019526325
18,7,0.15,symmetric,80.0,0.3913421286172215
19,7,0.15,symmetric,100.0,0.3081924963205312
20,7,0.44999999999999996,0.15,20.0,0.4016982707419115
21,7,0.44999999999999996,0.15,40.0,0.3648328703856798
22,7,0.44999999999999996,0.15,60.0,0.39528778139390824
23,7,0.44999999999999996,0.15,80.0,0.39051847767982517
24,7,0.44999999999999996,0.15,100.0,0.35516673085391165
25,7,0.44999999999999996,0.44999999999999996,20.0,0.3870644509240968
26,7,0.44999999999999996,0.44999999999999996,40.0,0.36391929881314883
27,7,0.44999999999999996,0.44999999999999996,60.0,0.41563204329254205
28,7,0.44999999999999996,0.44999999999999996,80.0,0.4387872174323308
29,7,0.44999999999999996,0.44999999999999996,100.0,0.35680722974273543
30,7,0.44999999999999996,0.7499999999999999,20.0,0.4077295085672122
31,7,0.44999999999999996,0.7499999999999999,40.0,0.3702213461838989
32,7,0.44999999999999996,0.7499999999999999,60.0,0.40056945681016076
33,7,0.44999999999999996,0.7499999999999999,80.0,0.3953768322055681
34,7,0.44999999999999996,0.7499999999999999,100.0,0.4010984861721985
35,7,0.44999999999999996,symmetric,20.0,0.405210791533751
36,7,0.44999999999999996,symmetric,40.0,0.3583294718992419
37,7,0.44999999999999996,symmetric,60.0,0.3819943075007985
38,7,0.44999999999999996,symmetric,80.0,0.38840530855182426
39,7,0.44999999999999996,symmetric,100.0,0.35844647740391977
40,7,0.7499999999999999,0.15,20.0,0.3829883067628745
41,7,0.7499999999999999,0.15,40.0,0.4202509891391809
42,7,0.7499999999999999,0.15,60.0,0.4002272258214517
43,7,0.7499999999999999,0.15,80.0,0.4113954261026617
44,7,0.7499999999999999,0.15,100.0,0.327365668041475
45,7,0.7499999999999999,0.44999999999999996,20.0,0.44686229603925
46,7,0.7499999999999999,0.44999999999999996,40.0,0.41161504074228245
47,7,0.7499999999999999,0.44999999999999996,60.0,0.4208550757985977
48,7,0.7499999999999999,0.44999999999999996,80.0,0.4216003306148494
49,7,0.7499999999999999,0.44999999999999996,100.0,0.3271591784698639
50,7,0.7499999999999999,0.7499999999999999,20.0,0.5009668534731799
51,7,0.7499999999999999,0.7499999999999999,40.0,0.40407048042042987
52,7,0.7499999999999999,0.7499999999999999,60.0,0.393327134008668
53,7,0.7499999999999999,0.7499999999999999,80.0,0.4163613804758608
54,7,0.7499999999999999,0.7499999999999999,100.0,0.3682636416467449
55,7,0.7499999999999999,symmetric,20.0,0.3876130301770826
56,7,0.7499999999999999,symmetric,40.0,0.4166483433767105
57,7,0.7499999999999999,symmetric,60.0,0.4065316998983541
58,7,0.7499999999999999,symmetric,80.0,0.4185906228132845
59,7,0.7499999999999999,symmetric,100.0,0.32418007563869583
60,7,symmetric,0.15,20.0,0.3455370176682036
61,7,symmetric,0.15,40.0,0.37485508050947186
62,7,symmetric,0.15,60.0,0.38566915767517035
63,7,symmetric,0.15,80.0,0.39733907530472606
64,7,symmetric,0.15,100.0,0.3171288405636434
65,7,symmetric,0.44999999999999996,20.0,0.4073469096701739
66,7,symmetric,0.44999999999999996,40.0,0.4055541281977521
67,7,symmetric,0.44999999999999996,60.0,0.4310917426569986
68,7,symmetric,0.44999999999999996,80.0,0.41379688668532655
69,7,symmetric,0.44999999999999996,100.0,0.3851171297404858
70,7,symmetric,0.7499999999999999,20.0,0.38482600105366893
71,7,symmetric,0.7499999999999999,40.0,0.3988890873892928
72,7,symmetric,0.7499999999999999,60.0,0.3937553785652084
73,7,symmetric,0.7499999999999999,80.0,0.4265720462465441
74,7,symmetric,0.7499999999999999,100.0,0.4642924341319478
75,7,symmetric,symmetric,20.0,0.3559444262902828
76,7,symmetric,symmetric,40.0,0.3766681998821734
77,7,symmetric,symmetric,60.0,0.3767041697868814
78,7,symmetric,symmetric,80.0,0.3839115928429308
79,7,symmetric,symmetric,100.0,0.30289698677545746
80,7,asymmetric,0.15,20.0,0.35717619904106396
81,7,asymmetric,0.15,40.0,0.40006507497469546
82,7,asymmetric,0.15,60.0,0.379540663666988
83,7,asymmetric,0.15,80.0,0.4099777789374607
84,7,asymmetric,0.15,100.0,0.3593077883242423
85,7,asymmetric,0.44999999999999996,20.0,0.3968918897234935
86,7,asymmetric,0.44999999999999996,40.0,0.46958842598112166
87,7,asymmetric,0.44999999999999996,60.0,0.38658709355920573
88,7,asymmetric,0.44999999999999996,80.0,0.4458548319843036
89,7,asymmetric,0.44999999999999996,100.0,0.32357343765176566
90,7,asymmetric,0.7499999999999999,20.0,0.4114431215706826
91,7,asymmetric,0.7499999999999999,40.0,0.37575402042372624
92,7,asymmetric,0.7499999999999999,60.0,0.4494973220444642
93,7,asymmetric,0.7499999999999999,80.0,0.37173167047682065
94,7,asymmetric,0.7499999999999999,100.0,0.47368080332408297
95,7,asymmetric,symmetric,20.0,0.3592354607815476
96,7,asymmetric,symmetric,40.0,0.3887156662609235
97,7,asymmetric,symmetric,60.0,0.3845670952285394
98,7,asymmetric,symmetric,80.0,0.40278785767891506
99,7,asymmetric,symmetric,100.0,0.3720039947403819
100,8,0.15,0.15,20.0,0.36006842457567234
101,8,0.15,0.15,40.0,0.348568819587057
102,8,0.15,0.15,60.0,0.379795167941521
103,8,0.15,0.15,80.0,0.44925052462432447
104,8,0.15,0.15,100.0,0.3728829880827494
105,8,0.15,0.44999999999999996,20.0,0.4196534993798754
106,8,0.15,0.44999999999999996,40.0,0.4246724761676357
107,8,0.15,0.44999999999999996,60.0,0.43473213849586095
108,8,0.15,0.44999999999999996,80.0,0.42633142944040986
109,8,0.15,0.44999999999999996,100.0,0.3823173192800623
110,8,0.15,0.7499999999999999,20.0,0.40908132438782285
111,8,0.15,0.7499999999999999,40.0,0.4030031148857011
112,8,0.15,0.7499999999999999,60.0,0.38497853430922546
113,8,0.15,0.7499999999999999,80.0,0.4160562046630226
114,8,0.15,0.7499999999999999,100.0,0.40266896516916345
115,8,0.15,symmetric,20.0,0.36446702683487575
116,8,0.15,symmetric,40.0,0.33659378887332925
117,8,0.15,symmetric,60.0,0.3671939925773985
118,8,0.15,symmetric,80.0,0.42396865172601317
119,8,0.15,symmetric,100.0,0.3738408483650824
120,8,0.44999999999999996,0.15,20.0,0.40148933706188733
121,8,0.44999999999999996,0.15,40.0,0.3690987023764663
122,8,0.44999999999999996,0.15,60.0,0.38395533244704744
123,8,0.44999999999999996,0.15,80.0,0.36081284118539897
124,8,0.44999999999999996,0.15,100.0,0.32891881280986834
125,8,0.44999999999999996,0.44999999999999996,20.0,0.3917409158543545
126,8,0.44999999999999996,0.44999999999999996,40.0,0.3882831689680475
127,8,0.44999999999999996,0.44999999999999996,60.0,0.4218008423182984
128,8,0.44999999999999996,0.44999999999999996,80.0,0.41197954679130244
129,8,0.44999999999999996,0.44999999999999996,100.0,0.357217380697788
130,8,0.44999999999999996,0.7499999999999999,20.0,0.45252563873978924
131,8,0.44999999999999996,0.7499999999999999,40.0,0.4239235615026592
132,8,0.44999999999999996,0.7499999999999999,60.0,0.39233960384940936
133,8,0.44999999999999996,0.7499999999999999,80.0,0.4085869355546793
134,8,0.44999999999999996,0.7499999999999999,100.0,0.3845710605117727
135,8,0.44999999999999996,symmetric,20.0,0.37969990025680506
136,8,0.44999999999999996,symmetric,40.0,0.37459002754005644
137,8,0.44999999999999996,symmetric,60.0,0.39204765993394897
138,8,0.44999999999999996,symmetric,80.0,0.38750688085411134
139,8,0.44999999999999996,symmetric,100.0,0.33346531802526835
140,8,0.7499999999999999,0.15,20.0,0.3957909451427074
141,8,0.7499999999999999,0.15,40.0,0.40659881020744604
142,8,0.7499999999999999,0.15,60.0,0.4090230613468473
143,8,0.7499999999999999,0.15,80.0,0.427085209539444
144,8,0.7499999999999999,0.15,100.0,0.351262711467546
145,8,0.7499999999999999,0.44999999999999996,20.0,0.462775354193495
146,8,0.7499999999999999,0.44999999999999996,40.0,0.40637557316859274
147,8,0.7499999999999999,0.44999999999999996,60.0,0.45523785957501006
148,8,0.7499999999999999,0.44999999999999996,80.0,0.4079173486912699
149,8,0.7499999999999999,0.44999999999999996,100.0,0.4094846806238185
150,8,0.7499999999999999,0.7499999999999999,20.0,0.5313404490461151
151,8,0.7499999999999999,0.7499999999999999,40.0,0.4313075354309791
152,8,0.7499999999999999,0.7499999999999999,60.0,0.40448629631191024
153,8,0.7499999999999999,0.7499999999999999,80.0,0.3662196421428979
154,8,0.7499999999999999,0.7499999999999999,100.0,0.36997044094048603
155,8,0.7499999999999999,symmetric,20.0,0.39763237981657706
156,8,0.7499999999999999,symmetric,40.0,0.3813363268236301
157,8,0.7499999999999999,symmetric,60.0,0.41305148495480254
158,8,0.7499999999999999,symmetric,80.0,0.4416640439470637
159,8,0.7499999999999999,symmetric,100.0,0.34273949936196085
160,8,symmetric,0.15,20.0,0.3673510748297246
161,8,symmetric,0.15,40.0,0.3517529128629793
162,8,symmetric,0.15,60.0,0.3720977720250773
163,8,symmetric,0.15,80.0,0.4512835457336905
164,8,symmetric,0.15,100.0,0.366778890289053
165,8,symmetric,0.44999999999999996,20.0,0.3992385065067964
166,8,symmetric,0.44999999999999996,40.0,0.37608869363049613
167,8,symmetric,0.44999999999999996,60.0,0.4470482130192396
168,8,symmetric,0.44999999999999996,80.0,0.4215891453420645
169,8,symmetric,0.44999999999999996,100.0,0.3801864330667427
170,8,symmetric,0.7499999999999999,20.0,0.3513299558993672
171,8,symmetric,0.7499999999999999,40.0,0.4092010339307758
172,8,symmetric,0.7499999999999999,60.0,0.3650426344657929
173,8,symmetric,0.7499999999999999,80.0,0.35816846108561917
174,8,symmetric,0.7499999999999999,100.0,0.4123671354344439
175,8,symmetric,symmetric,20.0,0.35426386685934186
176,8,symmetric,symmetric,40.0,0.3321793305082332
177,8,symmetric,symmetric,60.0,0.357225462981263
178,8,symmetric,symmetric,80.0,0.4258545249778162
179,8,symmetric,symmetric,100.0,0.3664645316419175
180,8,asymmetric,0.15,20.0,0.34353225462058484
181,8,asymmetric,0.15,40.0,0.40392899328366616
182,8,asymmetric,0.15,60.0,0.3755196989851768
183,8,asymmetric,0.15,80.0,0.4231286106209568
184,8,asymmetric,0.15,100.0,0.39173391249668177
185,8,asymmetric,0.44999999999999996,20.0,0.43468594215423434
186,8,asymmetric,0.44999999999999996,40.0,0.36121740162055865
187,8,asymmetric,0.44999999999999996,60.0,0.43892528809821213
188,8,asymmetric,0.44999999999999996,80.0,0.4635261563214933
189,8,asymmetric,0.44999999999999996,100.0,0.4342449122363683
190,8,asymmetric,0.7499999999999999,20.0,0.44967545545027027
191,8,asymmetric,0.7499999999999999,40.0,0.3405111656864651
192,8,asymmetric,0.7499999999999999,60.0,0.4413473902219941
193,8,asymmetric,0.7499999999999999,80.0,0.36786694733469405
194,8,asymmetric,0.7499999999999999,100.0,0.4593530206283391
195,8,asymmetric,symmetric,20.0,0.3769244489201019
196,8,asymmetric,symmetric,40.0,0.39373136275340337
197,8,asymmetric,symmetric,60.0,0.407456075846715
198,8,asymmetric,symmetric,80.0,0.4125871806984298
199,8,asymmetric,symmetric,100.0,0.39418271762069623
200,9,0.15,0.15,20.0,0.3433908963828517
201,9,0.15,0.15,40.0,0.35843752912124155
202,9,0.15,0.15,60.0,0.37317316742909834
203,9,0.15,0.15,80.0,0.386548723583635
204,9,0.15,0.15,100.0,0.32336780479680177
205,9,0.15,0.44999999999999996,20.0,0.4262071418270583
206,9,0.15,0.44999999999999996,40.0,0.38521491195423535
207,9,0.15,0.44999999999999996,60.0,0.4096150075888241
208,9,0.15,0.44999999999999996,80.0,0.4182540764715872
209,9,0.15,0.44999999999999996,100.0,0.4489328689215999
210,9,0.15,0.7499999999999999,20.0,0.42955627522558526
211,9,0.15,0.7499999999999999,40.0,0.3774915232322472
212,9,0.15,0.7499999999999999,60.0,0.41720944250620273
213,9,0.15,0.7499999999999999,80.0,0.33941218023418207
214,9,0.15,0.7499999999999999,100.0,0.48647563055354026
215,9,0.15,symmetric,20.0,0.34758570448804377
216,9,0.15,symmetric,40.0,0.3818785617217864
217,9,0.15,symmetric,60.0,0.3897991186865966
218,9,0.15,symmetric,80.0,0.38522503429928523
219,9,0.15,symmetric,100.0,0.34559878215284123
220,9,0.44999999999999996,0.15,20.0,0.39443632126233213
221,9,0.44999999999999996,0.15,40.0,0.37363910430710234
222,9,0.44999999999999996,0.15,60.0,0.3778527320076951
223,9,0.44999999999999996,0.15,80.0,0.3704256529846464
224,9,0.44999999999999996,0.15,100.0,0.3538146706683311
225,9,0.44999999999999996,0.44999999999999996,20.0,0.4296913742434531
226,9,0.44999999999999996,0.44999999999999996,40.0,0.4218755372898795
227,9,0.44999999999999996,0.44999999999999996,60.0,0.3941635920913859
228,9,0.44999999999999996,0.44999999999999996,80.0,0.45016913725254337
229,9,0.44999999999999996,0.44999999999999996,100.0,0.4101273206056235
230,9,0.44999999999999996,0.7499999999999999,20.0,0.4780637712202721
231,9,0.44999999999999996,0.7499999999999999,40.0,0.42739394003218023
232,9,0.44999999999999996,0.7499999999999999,60.0,0.3757913207059419
233,9,0.44999999999999996,0.7499999999999999,80.0,0.42335120381964503
234,9,0.44999999999999996,0.7499999999999999,100.0,0.5004808245507808
235,9,0.44999999999999996,symmetric,20.0,0.38322285752520024
236,9,0.44999999999999996,symmetric,40.0,0.37727798968964
237,9,0.44999999999999996,symmetric,60.0,0.37945336394049994
238,9,0.44999999999999996,symmetric,80.0,0.3706923801340795
239,9,0.44999999999999996,symmetric,100.0,0.3669809203606173
240,9,0.7499999999999999,0.15,20.0,0.3682109460283367
241,9,0.7499999999999999,0.15,40.0,0.3669504634783308
242,9,0.7499999999999999,0.15,60.0,0.394036630738621
243,9,0.7499999999999999,0.15,80.0,0.40033836357231567
244,9,0.7499999999999999,0.15,100.0,0.3546859945614255
245,9,0.7499999999999999,0.44999999999999996,20.0,0.423686803109483
246,9,0.7499999999999999,0.44999999999999996,40.0,0.3969566729519528
247,9,0.7499999999999999,0.44999999999999996,60.0,0.4354354996798659
248,9,0.7499999999999999,0.44999999999999996,80.0,0.40079298274048214
249,9,0.7499999999999999,0.44999999999999996,100.0,0.3323464573249187
250,9,0.7499999999999999,0.7499999999999999,20.0,0.518775098274283
251,9,0.7499999999999999,0.7499999999999999,40.0,0.4090916995176345
252,9,0.7499999999999999,0.7499999999999999,60.0,0.4563825868086486
253,9,0.7499999999999999,0.7499999999999999,80.0,0.4350115135098007
254,9,0.7499999999999999,0.7499999999999999,100.0,0.47260850442415336
255,9,0.7499999999999999,symmetric,20.0,0.38326834939924354
256,9,0.7499999999999999,symmetric,40.0,0.4206154881133078
257,9,0.7499999999999999,symmetric,60.0,0.40009860556795374
258,9,0.7499999999999999,symmetric,80.0,0.4085195589452513
259,9,0.7499999999999999,symmetric,100.0,0.34688486752407105
260,9,symmetric,0.15,20.0,0.34775828182282337
261,9,symmetric,0.15,40.0,0.36897739360114407
262,9,symmetric,0.15,60.0,0.3710995312366039
263,9,symmetric,0.15,80.0,0.39002741038089694
264,9,symmetric,0.15,100.0,0.32837000870155475
265,9,symmetric,0.44999999999999996,20.0,0.42989362875401765
266,9,symmetric,0.44999999999999996,40.0,0.4036299847398638
267,9,symmetric,0.44999999999999996,60.0,0.3989542996491527
268,9,symmetric,0.44999999999999996,80.0,0.4243821507605862
269,9,symmetric,0.44999999999999996,100.0,0.4027522180198983
270,9,symmetric,0.7499999999999999,20.0,0.4187917439825844
271,9,symmetric,0.7499999999999999,40.0,0.3771655302608764
272,9,symmetric,0.7499999999999999,60.0,0.4038706825187584
273,9,symmetric,0.7499999999999999,80.0,0.42565654063837305
274,9,symmetric,0.7499999999999999,100.0,0.4391344648406561
275,9,symmetric,symmetric,20.0,0.3516685018802654
276,9,symmetric,symmetric,40.0,0.37007725860181206
277,9,symmetric,symmetric,60.0,0.3942227114576887
278,9,symmetric,symmetric,80.0,0.39368999104105223
279,9,symmetric,symmetric,100.0,0.33303791456810544
280,9,asymmetric,0.15,20.0,0.3606245883613569
281,9,asymmetric,0.15,40.0,0.38890393350401803
282,9,asymmetric,0.15,60.0,0.4324554602406789
283,9,asymmetric,0.15,80.0,0.39608723529454903
284,9,asymmetric,0.15,100.0,0.4186218254873833
285,9,asymmetric,0.44999999999999996,20.0,0.3664408596283235
286,9,asymmetric,0.44999999999999996,40.0,0.39882251055113394
287,9,asymmetric,0.44999999999999996,60.0,0.41123945793373307
288,9,asymmetric,0.44999999999999996,80.0,0.39597243106999636
289,9,asymmetric,0.44999999999999996,100.0,0.4951979865811274
290,9,asymmetric,0.7499999999999999,20.0,0.4506480911228492
291,9,asymmetric,0.7499999999999999,40.0,0.39925659238426736
292,9,asymmetric,0.7499999999999999,60.0,0.42219321741642735
293,9,asymmetric,0.7499999999999999,80.0,0.31301603758628155
294,9,asymmetric,0.7499999999999999,100.0,0.45080333974925657
295,9,asymmetric,symmetric,20.0,0.3611752237165402
296,9,asymmetric,symmetric,40.0,0.3721106307853342
297,9,asymmetric,symmetric,60.0,0.40107186061261146
298,9,asymmetric,symmetric,80.0,0.41528856936674274
299,9,asymmetric,symmetric,100.0,0.4107369551044838
300,10,0.15,0.15,20.0,0.3225198354255304
301,10,0.15,0.15,40.0,0.36369232688934694
302,10,0.15,0.15,60.0,0.37453771465370644
303,10,0.15,0.15,80.0,0.4040347079047068
304,10,0.15,0.15,100.0,0.3996553260421246
305,10,0.15,0.44999999999999996,20.0,0.4090146744663519
306,10,0.15,0.44999999999999996,40.0,0.39610215094489415
307,10,0.15,0.44999999999999996,60.0,0.3979286690228759
308,10,0.15,0.44999999999999996,80.0,0.37231029531228793
309,10,0.15,0.44999999999999996,100.0,0.4496624219084353
310,10,0.15,0.7499999999999999,20.0,0.3539825114505276
311,10,0.15,0.7499999999999999,40.0,0.37241495404381386
312,10,0.15,0.7499999999999999,60.0,0.38238666108839814
313,10,0.15,0.7499999999999999,80.0,0.36121470059060307
314,10,0.15,0.7499999999999999,100.0,0.4246306210422294
315,10,0.15,symmetric,20.0,0.347104647380478
316,10,0.15,symmetric,40.0,0.35964206066918875
317,10,0.15,symmetric,60.0,0.3814642011982601
318,10,0.15,symmetric,80.0,0.3911942777611137
319,10,0.15,symmetric,100.0,0.36459838155969804
320,10,0.44999999999999996,0.15,20.0,0.4249974649634193
321,10,0.44999999999999996,0.15,40.0,0.38177187214362285
322,10,0.44999999999999996,0.15,60.0,0.3790739002799251
323,10,0.44999999999999996,0.15,80.0,0.41300729238495376
324,10,0.44999999999999996,0.15,100.0,0.39016208812037495
325,10,0.44999999999999996,0.44999999999999996,20.0,0.40764482626504284
326,10,0.44999999999999996,0.44999999999999996,40.0,0.41432502374308366
327,10,0.44999999999999996,0.44999999999999996,60.0,0.4392609167474725
328,10,0.44999999999999996,0.44999999999999996,80.0,0.4337250769916693
329,10,0.44999999999999996,0.44999999999999996,100.0,0.40939965778746357
330,10,0.44999999999999996,0.7499999999999999,20.0,0.4754577019901275
331,10,0.44999999999999996,0.7499999999999999,40.0,0.38280622058499364
332,10,0.44999999999999996,0.7499999999999999,60.0,0.3699237248191466
333,10,0.44999999999999996,0.7499999999999999,80.0,0.40286439535822466
334,10,0.44999999999999996,0.7499999999999999,100.0,0.3940648740452257
335,10,0.44999999999999996,symmetric,20.0,0.36598071742162797
336,10,0.44999999999999996,symmetric,40.0,0.4000961602210989
337,10,0.44999999999999996,symmetric,60.0,0.38504998158496406
338,10,0.44999999999999996,symmetric,80.0,0.4069642308436041
339,10,0.44999999999999996,symmetric,100.0,0.40665912517535563
340,10,0.7499999999999999,0.15,20.0,0.39850236311215614
341,10,0.7499999999999999,0.15,40.0,0.3820903516033069
342,10,0.7499999999999999,0.15,60.0,0.41604566475406524
343,10,0.7499999999999999,0.15,80.0,0.3910525708131179
344,10,0.7499999999999999,0.15,100.0,0.34816490112143167
345,10,0.7499999999999999,0.44999999999999996,20.0,0.44018072849632545
346,10,0.7499999999999999,0.44999999999999996,40.0,0.3810356581039215
347,10,0.7499999999999999,0.44999999999999996,60.0,0.41026271564885725
348,10,0.7499999999999999,0.44999999999999996,80.0,0.41077544717080705
349,10,0.7499999999999999,0.44999999999999996,100.0,0.43673505054945305
350,10,0.7499999999999999,0.7499999999999999,20.0,0.5014647713999274
351,10,0.7499999999999999,0.7499999999999999,40.0,0.3887528360294027
352,10,0.7499999999999999,0.7499999999999999,60.0,0.46814426421857125
353,10,0.7499999999999999,0.7499999999999999,80.0,0.48678872176235066
354,10,0.7499999999999999,0.7499999999999999,100.0,0.49734017482393655
355,10,0.7499999999999999,symmetric,20.0,0.38774762159590986
356,10,0.7499999999999999,symmetric,40.0,0.37554349870554515
357,10,0.7499999999999999,symmetric,60.0,0.421615914920764
358,10,0.7499999999999999,symmetric,80.0,0.40878507634519334
359,10,0.7499999999999999,symmetric,100.0,0.33409973252679614
360,10,symmetric,0.15,20.0,0.3247638206275588
361,10,symmetric,0.15,40.0,0.35683220015506467
362,10,symmetric,0.15,60.0,0.3987239737944812
363,10,symmetric,0.15,80.0,0.3836172047924001
364,10,symmetric,0.15,100.0,0.37762344128456327
365,10,symmetric,0.44999999999999996,20.0,0.4473890629392777
366,10,symmetric,0.44999999999999996,40.0,0.3943225081001534
367,10,symmetric,0.44999999999999996,60.0,0.38928343593893544
368,10,symmetric,0.44999999999999996,80.0,0.3799261044637373
369,10,symmetric,0.44999999999999996,100.0,0.44631024896588717
370,10,symmetric,0.7499999999999999,20.0,0.34537282219682525
371,10,symmetric,0.7499999999999999,40.0,0.3823657288495409
372,10,symmetric,0.7499999999999999,60.0,0.38482669602677866
373,10,symmetric,0.7499999999999999,80.0,0.42477396929238564
374,10,symmetric,0.7499999999999999,100.0,0.42870639869426197
375,10,symmetric,symmetric,20.0,0.3505397853453072
376,10,symmetric,symmetric,40.0,0.3527707587828356
377,10,symmetric,symmetric,60.0,0.41860769080450666
378,10,symmetric,symmetric,80.0,0.376285652712958
379,10,symmetric,symmetric,100.0,0.380456205081679
380,10,asymmetric,0.15,20.0,0.3704487418879202
381,10,asymmetric,0.15,40.0,0.3890474519323782
382,10,asymmetric,0.15,60.0,0.36826026271920026
383,10,asymmetric,0.15,80.0,0.4117153921017159
384,10,asymmetric,0.15,100.0,0.43318951526055177
385,10,asymmetric,0.44999999999999996,20.0,0.3576807210406074
386,10,asymmetric,0.44999999999999996,40.0,0.3935157902894646
387,10,asymmetric,0.44999999999999996,60.0,0.39540069573313724
388,10,asymmetric,0.44999999999999996,80.0,0.4201770657332736
389,10,asymmetric,0.44999999999999996,100.0,0.4252546202814641
390,10,asymmetric,0.7499999999999999,20.0,0.3772444294256309
391,10,asymmetric,0.7499999999999999,40.0,0.37448991477221505
392,10,asymmetric,0.7499999999999999,60.0,0.4253481759185713
393,10,asymmetric,0.7499999999999999,80.0,0.45187654241862035
394,10,asymmetric,0.7499999999999999,100.0,0.4721393509125794
395,10,asymmetric,symmetric,20.0,0.3792337534929393
396,10,asymmetric,symmetric,40.0,0.42484142204866354
397,10,asymmetric,symmetric,60.0,0.4044871474776663
398,10,asymmetric,symmetric,80.0,0.42517542825786636
399,10,asymmetric,symmetric,100.0,0.4449752314736394
400,11,0.15,0.15,20.0,0.34705510272013446
401,11,0.15,0.15,40.0,0.34269204804250203
402,11,0.15,0.15,60.0,0.39938582761663927
403,11,0.15,0.15,80.0,0.4100939667333829
404,11,0.15,0.15,100.0,0.4221977239995109
405,11,0.15,0.44999999999999996,20.0,0.41120480918239005
406,11,0.15,0.44999999999999996,40.0,0.3916696984034165
407,11,0.15,0.44999999999999996,60.0,0.3917979524183904
408,11,0.15,0.44999999999999996,80.0,0.40297610500405107
409,11,0.15,0.44999999999999996,100.0,0.44504219612285056
410,11,0.15,0.7499999999999999,20.0,0.47324398127792155
411,11,0.15,0.7499999999999999,40.0,0.42519564167611307
412,11,0.15,0.7499999999999999,60.0,0.41787871885533756
413,11,0.15,0.7499999999999999,80.0,0.3729588568820729
414,11,0.15,0.7499999999999999,100.0,0.437730352529188
415,11,0.15,symmetric,20.0,0.3569286474520181
416,11,0.15,symmetric,40.0,0.37001590970116444
417,11,0.15,symmetric,60.0,0.38664985661420936
418,11,0.15,symmetric,80.0,0.4238231350297033
419,11,0.15,symmetric,100.0,0.43661155010571756
420,11,0.44999999999999996,0.15,20.0,0.4005496519966396
421,11,0.44999999999999996,0.15,40.0,0.3520586541584939
422,11,0.44999999999999996,0.15,60.0,0.3823299965719056
423,11,0.44999999999999996,0.15,80.0,0.390789505491909
424,11,0.44999999999999996,0.15,100.0,0.3749216482691456
425,11,0.44999999999999996,0.44999999999999996,20.0,0.4241641121897658
426,11,0.44999999999999996,0.44999999999999996,40.0,0.36639534754121394
427,11,0.44999999999999996,0.44999999999999996,60.0,0.4284531566004486
428,11,0.44999999999999996,0.44999999999999996,80.0,0.40990876317723174
429,11,0.44999999999999996,0.44999999999999996,100.0,0.4158286999517829
430,11,0.44999999999999996,0.7499999999999999,20.0,0.5122081077130863
431,11,0.44999999999999996,0.7499999999999999,40.0,0.3698793568880721
432,11,0.44999999999999996,0.7499999999999999,60.0,0.42347603109587517
433,11,0.44999999999999996,0.7499999999999999,80.0,0.45190043891827025
434,11,0.44999999999999996,0.7499999999999999,100.0,0.3938290547234606
435,11,0.44999999999999996,symmetric,20.0,0.3817460091149355
436,11,0.44999999999999996,symmetric,40.0,0.3527053856286708
437,11,0.44999999999999996,symmetric,60.0,0.3600655486305344
438,11,0.44999999999999996,symmetric,80.0,0.38024075768987653
439,11,0.44999999999999996,symmetric,100.0,0.3888220733439391
440,11,0.7499999999999999,0.15,20.0,0.38552089924849164
441,11,0.7499999999999999,0.15,40.0,0.3469518906232615
442,11,0.7499999999999999,0.15,60.0,0.37257008053131757
443,11,0.7499999999999999,0.15,80.0,0.38837398183576677
444,11,0.7499999999999999,0.15,100.0,0.3591845459931036
445,11,0.7499999999999999,0.44999999999999996,20.0,0.4498215928588184
446,11,0.7499999999999999,0.44999999999999996,40.0,0.40825786198085295
447,11,0.7499999999999999,0.44999999999999996,60.0,0.4628787832282011
448,11,0.7499999999999999,0.44999999999999996,80.0,0.41646867065660786
449,11,0.7499999999999999,0.44999999999999996,100.0,0.41198651616823323
450,11,0.7499999999999999,0.7499999999999999,20.0,0.4381219486928844
451,11,0.7499999999999999,0.7499999999999999,40.0,0.40678344405876704
452,11,0.7499999999999999,0.7499999999999999,60.0,0.502974614348081
453,11,0.7499999999999999,0.7499999999999999,80.0,0.47651297676304394
454,11,0.7499999999999999,0.7499999999999999,100.0,0.46576290680555316
455,11,0.7499999999999999,symmetric,20.0,0.41283996182594235
456,11,0.7499999999999999,symmetric,40.0,0.338043037053449
457,11,0.7499999999999999,symmetric,60.0,0.38215217333035034
458,11,0.7499999999999999,symmetric,80.0,0.39878167687933064
459,11,0.7499999999999999,symmetric,100.0,0.36006703683766245
460,11,symmetric,0.15,20.0,0.32404914653427797
461,11,symmetric,0.15,40.0,0.3461355089930818
462,11,symmetric,0.15,60.0,0.3933735160565559
463,11,symmetric,0.15,80.0,0.40951699155227694
464,11,symmetric,0.15,100.0,0.41752188272701746
465,11,symmetric,0.44999999999999996,20.0,0.4398144829673273
466,11,symmetric,0.44999999999999996,40.0,0.40073632538766196
467,11,symmetric,0.44999999999999996,60.0,0.4149464056809595
468,11,symmetric,0.44999999999999996,80.0,0.4112620812114485
469,11,symmetric,0.44999999999999996,100.0,0.44346790474300996
470,11,symmetric,0.7499999999999999,20.0,0.3799676745743045
471,11,symmetric,0.7499999999999999,40.0,0.48471611540980813
472,11,symmetric,0.7499999999999999,60.0,0.43682545361669367
473,11,symmetric,0.7499999999999999,80.0,0.3942796836717173
474,11,symmetric,0.7499999999999999,100.0,0.41202134169847787
475,11,symmetric,symmetric,20.0,0.3455366034805452
476,11,symmetric,symmetric,40.0,0.3668239328674319
477,11,symmetric,symmetric,60.0,0.388393045377959
478,11,symmetric,symmetric,80.0,0.4277288929050265
479,11,symmetric,symmetric,100.0,0.42925394213494844
480,11,asymmetric,0.15,20.0,0.35015601161607307
481,11,asymmetric,0.15,40.0,0.3775628144908664
482,11,asymmetric,0.15,60.0,0.40496143382243405
483,11,asymmetric,0.15,80.0,0.4174694509756012
484,11,asymmetric,0.15,100.0,0.4475769664537543
485,11,asymmetric,0.44999999999999996,20.0,0.4085143826560998
486,11,asymmetric,0.44999999999999996,40.0,0.4010245933434659
487,11,asymmetric,0.44999999999999996,60.0,0.384216287493277
488,11,asymmetric,0.44999999999999996,80.0,0.3702741803019359
489,11,asymmetric,0.44999999999999996,100.0,0.3657297553894349
490,11,asymmetric,0.7499999999999999,20.0,0.46921218092943745
491,11,asymmetric,0.7499999999999999,40.0,0.3705365741004771
492,11,asymmetric,0.7499999999999999,60.0,0.39926679537281634
493,11,asymmetric,0.7499999999999999,80.0,0.4076509530640923
494,11,asymmetric,0.7499999999999999,100.0,0.41936855615918456
495,11,asymmetric,symmetric,20.0,0.34883907322844343
496,11,asymmetric,symmetric,40.0,0.3962936162872723
497,11,asymmetric,symmetric,60.0,0.398680620568061
498,11,asymmetric,symmetric,80.0,0.44380062309533436
499,11,asymmetric,symmetric,100.0,0.4369287772126967
500,12,0.15,0.15,20.0,0.32558985058083173
501,12,0.15,0.15,40.0,0.37700541236579593
502,12,0.15,0.15,60.0,0.41563574013480586
503,12,0.15,0.15,80.0,0.4256908791707433
504,12,0.15,0.15,100.0,0.3807070844859832
505,12,0.15,0.44999999999999996,20.0,0.40863807938459323
506,12,0.15,0.44999999999999996,40.0,0.37141685568541694
507,12,0.15,0.44999999999999996,60.0,0.3840961876997813
508,12,0.15,0.44999999999999996,80.0,0.39201205444283227
509,12,0.15,0.44999999999999996,100.0,0.3718327529802788
510,12,0.15,0.7499999999999999,20.0,0.3990650807916784
511,12,0.15,0.7499999999999999,40.0,0.4347429155046168
512,12,0.15,0.7499999999999999,60.0,0.42198104343023873
513,12,0.15,0.7499999999999999,80.0,0.44746947170147594
514,12,0.15,0.7499999999999999,100.0,0.3529687246485596
515,12,0.15,symmetric,20.0,0.3151573582352201
516,12,0.15,symmetric,40.0,0.36840332515754987
517,12,0.15,symmetric,60.0,0.40691987999896306
518,12,0.15,symmetric,80.0,0.39827908294597275
519,12,0.15,symmetric,100.0,0.37145182304476276
520,12,0.44999999999999996,0.15,20.0,0.40040357059527293
521,12,0.44999999999999996,0.15,40.0,0.3772534992099516
522,12,0.44999999999999996,0.15,60.0,0.4064046673713957
523,12,0.44999999999999996,0.15,80.0,0.3795529079089361
524,12,0.44999999999999996,0.15,100.0,0.37426169124032294
525,12,0.44999999999999996,0.44999999999999996,20.0,0.40656325254394904
526,12,0.44999999999999996,0.44999999999999996,40.0,0.4054351793963935
527,12,0.44999999999999996,0.44999999999999996,60.0,0.45703545822060615
528,12,0.44999999999999996,0.44999999999999996,80.0,0.4143740117865011
529,12,0.44999999999999996,0.44999999999999996,100.0,0.4124356517926733
530,12,0.44999999999999996,0.7499999999999999,20.0,0.462746351512305
531,12,0.44999999999999996,0.7499999999999999,40.0,0.4153444050692255
532,12,0.44999999999999996,0.7499999999999999,60.0,0.3982706211534381
533,12,0.44999999999999996,0.7499999999999999,80.0,0.4630508915005754
534,12,0.44999999999999996,0.7499999999999999,100.0,0.37353596886743995
535,12,0.44999999999999996,symmetric,20.0,0.3463613492340361
536,12,0.44999999999999996,symmetric,40.0,0.3781665374688518
537,12,0.44999999999999996,symmetric,60.0,0.3898439566625635
538,12,0.44999999999999996,symmetric,80.0,0.39598348633620867
539,12,0.44999999999999996,symmetric,100.0,0.36638173591384854
540,12,0.7499999999999999,0.15,20.0,0.38128100253967334
541,12,0.7499999999999999,0.15,40.0,0.3665269724267146
542,12,0.7499999999999999,0.15,60.0,0.39683409789211294
543,12,0.7499999999999999,0.15,80.0,0.3546946082974169
544,12,0.7499999999999999,0.15,100.0,0.33083684103276706
545,12,0.7499999999999999,0.44999999999999996,20.0,0.4692923918657825
546,12,0.7499999999999999,0.44999999999999996,40.0,0.4429638214027527
547,12,0.7499999999999999,0.44999999999999996,60.0,0.41542839419781297
548,12,0.7499999999999999,0.44999999999999996,80.0,0.4119663579129232
549,12,0.7499999999999999,0.44999999999999996,100.0,0.4461362282873042
550,12,0.7499999999999999,0.7499999999999999,20.0,0.4644783190594118
551,12,0.7499999999999999,0.7499999999999999,40.0,0.4216212817969171
552,12,0.7499999999999999,0.7499999999999999,60.0,0.461759286123375
553,12,0.7499999999999999,0.7499999999999999,80.0,0.5006187216353969
554,12,0.7499999999999999,0.7499999999999999,100.0,0.47294483517855784
555,12,0.7499999999999999,symmetric,20.0,0.3515638409042549
556,12,0.7499999999999999,symmetric,40.0,0.35253202127699756
557,12,0.7499999999999999,symmetric,60.0,0.37360523388726885
558,12,0.7499999999999999,symmetric,80.0,0.37744305951170665
559,12,0.7499999999999999,symmetric,100.0,0.3568710598994036
560,12,symmetric,0.15,20.0,0.3279119676820417
561,12,symmetric,0.15,40.0,0.34056381859761137
562,12,symmetric,0.15,60.0,0.4158485477425151
563,12,symmetric,0.15,80.0,0.4234419237046306
564,12,symmetric,0.15,100.0,0.3636128651831732
565,12,symmetric,0.44999999999999996,20.0,0.38415269786783807
566,12,symmetric,0.44999999999999996,40.0,0.33317686214317427
567,12,symmetric,0.44999999999999996,60.0,0.3919580920656583
568,12,symmetric,0.44999999999999996,80.0,0.38930402282118487
569,12,symmetric,0.44999999999999996,100.0,0.381743338995435
570,12,symmetric,0.7499999999999999,20.0,0.403236392157381
571,12,symmetric,0.7499999999999999,40.0,0.48369955702801737
572,12,symmetric,0.7499999999999999,60.0,0.41651752889722604
573,12,symmetric,0.7499999999999999,80.0,0.4470518564195318
574,12,symmetric,0.7499999999999999,100.0,0.453840441654249
575,12,symmetric,symmetric,20.0,0.3161947578998555
576,12,symmetric,symmetric,40.0,0.35754345179822855
577,12,symmetric,symmetric,60.0,0.40011233207267444
578,12,symmetric,symmetric,80.0,0.3978841271603916
579,12,symmetric,symmetric,100.0,0.3796994212069417
580,12,asymmetric,0.15,20.0,0.36102801775628895
581,12,asymmetric,0.15,40.0,0.4063378438055807
582,12,asymmetric,0.15,60.0,0.4527751655247297
583,12,asymmetric,0.15,80.0,0.4248975109578094
584,12,asymmetric,0.15,100.0,0.4152565885339226
585,12,asymmetric,0.44999999999999996,20.0,0.3707917797757457
586,12,asymmetric,0.44999999999999996,40.0,0.31422611804326034
587,12,asymmetric,0.44999999999999996,60.0,0.40178398109664465
588,12,asymmetric,0.44999999999999996,80.0,0.39306595569706954
589,12,asymmetric,0.44999999999999996,100.0,0.3576715069187824
590,12,asymmetric,0.7499999999999999,20.0,0.3842532272921866
591,12,asymmetric,0.7499999999999999,40.0,0.4213667948682173
592,12,asymmetric,0.7499999999999999,60.0,0.41448148259054074
593,12,asymmetric,0.7499999999999999,80.0,0.4254374505211352
594,12,asymmetric,0.7499999999999999,100.0,0.47120134653221096
595,12,asymmetric,symmetric,20.0,0.3798627426774867
596,12,asymmetric,symmetric,40.0,0.4066575748066475
597,12,asymmetric,symmetric,60.0,0.4253982871249806
598,12,asymmetric,symmetric,80.0,0.41283796163305064
599,12,asymmetric,symmetric,100.0,0.3920734420591745
600,13,0.15,0.15,20.0,0.3612260974776876
601,13,0.15,0.15,40.0,0.3652551026209964
602,13,0.15,0.15,60.0,0.38621702469985053
603,13,0.15,0.15,80.0,0.4082923195705108
604,13,0.15,0.15,100.0,0.4290649904375096
605,13,0.15,0.44999999999999996,20.0,0.38185286326103307
606,13,0.15,0.44999999999999996,40.0,0.3700795715283516
607,13,0.15,0.44999999999999996,60.0,0.40984178558298995
608,13,0.15,0.44999999999999996,80.0,0.38972573046583303
609,13,0.15,0.44999999999999996,100.0,0.388015033687697
610,13,0.15,0.7499999999999999,20.0,0.409327101476464
611,13,0.15,0.7499999999999999,40.0,0.47710422492764243
612,13,0.15,0.7499999999999999,60.0,0.4059576825139517
613,13,0.15,0.7499999999999999,80.0,0.4605255998893813
614,13,0.15,0.7499999999999999,100.0,0.3657020467437363
615,13,0.15,symmetric,20.0,0.35562998483883657
616,13,0.15,symmetric,40.0,0.3376020395383878
617,13,0.15,symmetric,60.0,0.33835778277618134
618,13,0.15,symmetric,80.0,0.42711210196667804
619,13,0.15,symmetric,100.0,0.4112505871602253
620,13,0.44999999999999996,0.15,20.0,0.3853894783623495
621,13,0.44999999999999996,0.15,40.0,0.4027905240115895
622,13,0.44999999999999996,0.15,60.0,0.4107446886299963
623,13,0.44999999999999996,0.15,80.0,0.3894018701833049
624,13,0.44999999999999996,0.15,100.0,0.4021231124363981
625,13,0.44999999999999996,0.44999999999999996,20.0,0.44827013222388745
626,13,0.44999999999999996,0.44999999999999996,40.0,0.41821381824860876
627,13,0.44999999999999996,0.44999999999999996,60.0,0.4229923592210652
628,13,0.44999999999999996,0.44999999999999996,80.0,0.39611719885666036
629,13,0.44999999999999996,0.44999999999999996,100.0,0.40388168322927764
630,13,0.44999999999999996,0.7499999999999999,20.0,0.5139394217117577
631,13,0.44999999999999996,0.7499999999999999,40.0,0.41371420251582547
632,13,0.44999999999999996,0.7499999999999999,60.0,0.45422445480687185
633,13,0.44999999999999996,0.7499999999999999,80.0,0.43414803257208684
634,13,0.44999999999999996,0.7499999999999999,100.0,0.4532003055668929
635,13,0.44999999999999996,symmetric,20.0,0.3528885040697227
636,13,0.44999999999999996,symmetric,40.0,0.3698483884402058
637,13,0.44999999999999996,symmetric,60.0,0.3633728598622032
638,13,0.44999999999999996,symmetric,80.0,0.3858727078020282
639,13,0.44999999999999996,symmetric,100.0,0.3701793824476145
640,13,0.7499999999999999,0.15,20.0,0.36925460198626237
641,13,0.7499999999999999,0.15,40.0,0.3899462054654815
642,13,0.7499999999999999,0.15,60.0,0.40019682863284245
643,13,0.7499999999999999,0.15,80.0,0.423981661542812
644,13,0.7499999999999999,0.15,100.0,0.3794033799728908
645,13,0.7499999999999999,0.44999999999999996,20.0,0.47441794080664784
646,13,0.7499999999999999,0.44999999999999996,40.0,0.4485894720990722
647,13,0.7499999999999999,0.44999999999999996,60.0,0.4513543575145805
648,13,0.7499999999999999,0.44999999999999996,80.0,0.46903889071672644
649,13,0.7499999999999999,0.44999999999999996,100.0,0.4544327508094146
650,13,0.7499999999999999,0.7499999999999999,20.0,0.455121010167271
651,13,0.7499999999999999,0.7499999999999999,40.0,0.41458817304551965
652,13,0.7499999999999999,0.7499999999999999,60.0,0.5027057166047231
653,13,0.7499999999999999,0.7499999999999999,80.0,0.507875817073484
654,13,0.7499999999999999,0.7499999999999999,100.0,0.4914923997198869
655,13,0.7499999999999999,symmetric,20.0,0.4023305017885423
656,13,0.7499999999999999,symmetric,40.0,0.34011285639679123
657,13,0.7499999999999999,symmetric,60.0,0.3740539182194246
658,13,0.7499999999999999,symmetric,80.0,0.3825880601354677
659,13,0.7499999999999999,symmetric,100.0,0.352621472908699
660,13,symmetric,0.15,20.0,0.3511799130270886
661,13,symmetric,0.15,40.0,0.3827799030333869
662,13,symmetric,0.15,60.0,0.41493048044728137
663,13,symmetric,0.15,80.0,0.42924518664056904
664,13,symmetric,0.15,100.0,0.4092549998641416
665,13,symmetric,0.44999999999999996,20.0,0.43198977157181867
666,13,symmetric,0.44999999999999996,40.0,0.3820528314437383
667,13,symmetric,0.44999999999999996,60.0,0.41671980615179677
668,13,symmetric,0.44999999999999996,80.0,0.39442906949258527
669,13,symmetric,0.44999999999999996,100.0,0.3996042415755292
670,13,symmetric,0.7499999999999999,20.0,0.42372404243665696
671,13,symmetric,0.7499999999999999,40.0,0.4359303475415626
672,13,symmetric,0.7499999999999999,60.0,0.41491998262847585
673,13,symmetric,0.7499999999999999,80.0,0.4174866352326376
674,13,symmetric,0.7499999999999999,100.0,0.44227180978505864
675,13,symmetric,symmetric,20.0,0.3638636911044229
676,13,symmetric,symmetric,40.0,0.37736763033077325
677,13,symmetric,symmetric,60.0,0.3475472663581573
678,13,symmetric,symmetric,80.0,0.3913878127960662
679,13,symmetric,symmetric,100.0,0.39642398708131715
680,13,asymmetric,0.15,20.0,0.39867074469451463
681,13,asymmetric,0.15,40.0,0.4168907640124886
682,13,asymmetric,0.15,60.0,0.40424202150104444
683,13,asymmetric,0.15,80.0,0.4295533747741636
684,13,asymmetric,0.15,100.0,0.4316435890188328
685,13,asymmetric,0.44999999999999996,20.0,0.4044709626783709
686,13,asymmetric,0.44999999999999996,40.0,0.42594591332164405
687,13,asymmetric,0.44999999999999996,60.0,0.46039972434252646
688,13,asymmetric,0.44999999999999996,80.0,0.43898350975038797
689,13,asymmetric,0.44999999999999996,100.0,0.32398295738031824
690,13,asymmetric,0.7499999999999999,20.0,0.5006686333048773
691,13,asymmetric,0.7499999999999999,40.0,0.43461769704707665
692,13,asymmetric,0.7499999999999999,60.0,0.47858956649876
693,13,asymmetric,0.7499999999999999,80.0,0.4362800364418235
694,13,asymmetric,0.7499999999999999,100.0,0.4837638761761554
695,13,asymmetric,symmetric,20.0,0.3512974677426036
696,13,asymmetric,symmetric,40.0,0.3879553202703088
697,13,asymmetric,symmetric,60.0,0.3914069111715651
698,13,asymmetric,symmetric,80.0,0.3733229700946032
699,13,asymmetric,symmetric,100.0,0.38633124957297327
700,14,0.15,0.15,20.0,0.33124441205744365
701,14,0.15,0.15,40.0,0.3899863458466785
702,14,0.15,0.15,60.0,0.38383952837137364
703,14,0.15,0.15,80.0,0.4360726776773435
704,14,0.15,0.15,100.0,0.40734301374107057
705,14,0.15,0.44999999999999996,20.0,0.3831072088550464
706,14,0.15,0.44999999999999996,40.0,0.35925758156950655
707,14,0.15,0.44999999999999996,60.0,0.3493068595424253
708,14,0.15,0.44999999999999996,80.0,0.38082816676263015
709,14,0.15,0.44999999999999996,100.0,0.4432445034237008
710,14,0.15,0.7499999999999999,20.0,0.4703318500464446
711,14,0.15,0.7499999999999999,40.0,0.4714668719300655
712,14,0.15,0.7499999999999999,60.0,0.5183299850733619
713,14,0.15,0.7499999999999999,80.0,0.5324393248024422
714,14,0.15,0.7499999999999999,100.0,0.514071485769684
715,14,0.15,symmetric,20.0,0.33764408644650146
716,14,0.15,symmetric,40.0,0.36685315882605796
717,14,0.15,symmetric,60.0,0.35100142408171653
718,14,0.15,symmetric,80.0,0.39640714758501217
719,14,0.15,symmetric,100.0,0.3945847946113013
720,14,0.44999999999999996,0.15,20.0,0.3789285229742164
721,14,0.44999999999999996,0.15,40.0,0.4021358361205375
722,14,0.44999999999999996,0.15,60.0,0.3903492298802826
723,14,0.44999999999999996,0.15,80.0,0.38439113550639614
724,14,0.44999999999999996,0.15,100.0,0.3898971860087972
725,14,0.44999999999999996,0.44999999999999996,20.0,0.43082752697960885
726,14,0.44999999999999996,0.44999999999999996,40.0,0.42205084233061285
727,14,0.44999999999999996,0.44999999999999996,60.0,0.39451924288016216
728,14,0.44999999999999996,0.44999999999999996,80.0,0.38709700681342
729,14,0.44999999999999996,0.44999999999999996,100.0,0.44515302346528857
730,14,0.44999999999999996,0.7499999999999999,20.0,0.5164355222505213
731,14,0.44999999999999996,0.7499999999999999,40.0,0.45513822176470026
732,14,0.44999999999999996,0.7499999999999999,60.0,0.49120543303128883
733,14,0.44999999999999996,0.7499999999999999,80.0,0.4470341226444003
734,14,0.44999999999999996,0.7499999999999999,100.0,0.4946970607245594
735,14,0.44999999999999996,symmetric,20.0,0.3726766061017293
736,14,0.44999999999999996,symmetric,40.0,0.3753056101780786
737,14,0.44999999999999996,symmetric,60.0,0.38817971207638013
738,14,0.44999999999999996,symmetric,80.0,0.39148744880815095
739,14,0.44999999999999996,symmetric,100.0,0.3882636692587214
740,14,0.7499999999999999,0.15,20.0,0.3763882674804741
741,14,0.7499999999999999,0.15,40.0,0.38302005728938004
742,14,0.7499999999999999,0.15,60.0,0.3981095922135702
743,14,0.7499999999999999,0.15,80.0,0.3986022123373739
744,14,0.7499999999999999,0.15,100.0,0.3746566195972564
745,14,0.7499999999999999,0.44999999999999996,20.0,0.46070235530929254
746,14,0.7499999999999999,0.44999999999999996,40.0,0.43113790151011233
747,14,0.7499999999999999,0.44999999999999996,60.0,0.47495979812953076
748,14,0.7499999999999999,0.44999999999999996,80.0,0.4612381148477342
749,14,0.7499999999999999,0.44999999999999996,100.0,0.429622528327314
750,14,0.7499999999999999,0.7499999999999999,20.0,0.45638486461567035
751,14,0.7499999999999999,0.7499999999999999,40.0,0.3984587655972254
752,14,0.7499999999999999,0.7499999999999999,60.0,0.5178425495121718
753,14,0.7499999999999999,0.7499999999999999,80.0,0.5332919552913188
754,14,0.7499999999999999,0.7499999999999999,100.0,0.5007970805218067
755,14,0.7499999999999999,symmetric,20.0,0.3732610035149648
756,14,0.7499999999999999,symmetric,40.0,0.3756102249096008
757,14,0.7499999999999999,symmetric,60.0,0.37977322526862534
758,14,0.7499999999999999,symmetric,80.0,0.3672539963491512
759,14,0.7499999999999999,symmetric,100.0,0.348618767052904
760,14,symmetric,0.15,20.0,0.34304503683869086
761,14,symmetric,0.15,40.0,0.38280144671672245
762,14,symmetric,0.15,60.0,0.37506771405672656
763,14,symmetric,0.15,80.0,0.4301019884862653
764,14,symmetric,0.15,100.0,0.4026141739036341
765,14,symmetric,0.44999999999999996,20.0,0.38374196182506853
766,14,symmetric,0.44999999999999996,40.0,0.3672026635664305
767,14,symmetric,0.44999999999999996,60.0,0.4595530717209006
768,14,symmetric,0.44999999999999996,80.0,0.4164620991285989
769,14,symmetric,0.44999999999999996,100.0,0.38829240490222755
770,14,symmetric,0.7499999999999999,20.0,0.47712527649460085
771,14,symmetric,0.7499999999999999,40.0,0.47620675964397247
772,14,symmetric,0.7499999999999999,60.0,0.536283221163741
773,14,symmetric,0.7499999999999999,80.0,0.5609737181296524
774,14,symmetric,0.7499999999999999,100.0,0.4605539613808557
775,14,symmetric,symmetric,20.0,0.34163847658007346
776,14,symmetric,symmetric,40.0,0.3648699042420024
777,14,symmetric,symmetric,60.0,0.3417946886083837
778,14,symmetric,symmetric,80.0,0.3938230026539201
779,14,symmetric,symmetric,100.0,0.3883086269486525
780,14,asymmetric,0.15,20.0,0.36639078586579144
781,14,asymmetric,0.15,40.0,0.3828547701043332
782,14,asymmetric,0.15,60.0,0.4023455901805756
783,14,asymmetric,0.15,80.0,0.4092546982470367
784,14,asymmetric,0.15,100.0,0.4318425309249578
785,14,asymmetric,0.44999999999999996,20.0,0.4936844011489495
786,14,asymmetric,0.44999999999999996,40.0,0.3934198357657071
787,14,asymmetric,0.44999999999999996,60.0,0.3912606810511699
788,14,asymmetric,0.44999999999999996,80.0,0.41839856966405853
789,14,asymmetric,0.44999999999999996,100.0,0.43112077378109287
790,14,asymmetric,0.7499999999999999,20.0,0.43338755697661624
791,14,asymmetric,0.7499999999999999,40.0,0.47887715767465433
792,14,asymmetric,0.7499999999999999,60.0,0.47792254071743556
793,14,asymmetric,0.7499999999999999,80.0,0.3917307041820119
794,14,asymmetric,0.7499999999999999,100.0,0.431495854793751
795,14,asymmetric,symmetric,20.0,0.3184949089585017
796,14,asymmetric,symmetric,40.0,0.3651530834865815
797,14,asymmetric,symmetric,60.0,0.36123388286389513
798,14,asymmetric,symmetric,80.0,0.4052101850635438
799,14,asymmetric,symmetric,100.0,0.4042477208924687
